id,created_at,title,description,price,stock,category,compatibleModels,reviews,dimensions,imageURL_object,test
2bc2c801-b368-4e7e-a2e2-82d7f6f69415,2023-07-08 06:04:51.106581+00,VRS Design Duo Guard iPhone 7 Case - Steel Silver,VRS Design Duo Guard Schutzhülle für iPhone 7 in Stahlsilber,25.99,5,phone case,"[{""name"":""iPhone 7"",""brand"":""Apple"",""deviceType"":""iPhone""},{""name"":""iPhone 8"",""brand"":""Apple"",""deviceType"":""iPhone""},{""name"":""iPhone SE"",""brand"":""Apple"",""deviceType"":""iPhone""}]",,,"{""default_color"":{""color_name"":null,""imageURL_array"":[""https://images.mobilefun.co.uk/graphics/300pixelp/61108.jpg""],""tailwind_color"":null}}","[{""testt"":""message""}]"
d83df260-7bdc-4bfe-8fdc-3ab4b24c15c3,2023-07-08 06:04:51.106581+00,Rearth Ringke Fusion iPhone 7 Plus Case - Smoke Black,Schutzhülle für iPhone 7 Plus von Rearth Ringke Fusion in Rauchschwarz,13.49,10,phone case,"[{""name"":""Samsung Galaxy Z Flip 5G"",""brand"":""Samsung"",""deviceType"":""phone""},{""name"":""Samsung Galaxy Z Flip"",""brand"":""Samsung"",""deviceType"":""phone""},{""name"":""Samsung Galaxy Fold"",""brand"":""Samsung"",""deviceType"":""phone""}]",,,"{""default_color"":{""color_name"":null,""imageURL_array"":[""https://images.mobilefun.co.uk/graphics/300pixelp/61221.jpg""],""tailwind_color"":null}}",
c014f45a-235e-4b3c-b4a9-3324b8688bc2,2023-07-08 06:04:51.106581+00,Araree Aero Flex Samsung Galaxy Z Flip 5G Protective Case - Black,Araree Aero Flex Schutzhülle für Samsung Galaxy Z Flip 5G - Schwarz,24.49,20,phone case,"[{""name"":""MacBook Pro 15\"" 2016"",""brand"":""Apple"",""deviceType"":""laptop""},{""name"":""MacBook Pro 15\"" 2018"",""brand"":""Apple"",""deviceType"":""laptop""}]",,,"{""default_color"":{""color_name"":null,""imageURL_array"":[""https://images.mobilefun.co.uk/graphics/300pixelp/83004.jpg""],""tailwind_color"":null}}",
7d324aef-71eb-464c-aae9-6638a42a9576,2023-07-08 06:04:51.106581+00,iPhone 7 Tough Case & Glass Screen Protector - Sentinel,iPhone 7 Tough Case & Glass Screen Protector - Sentinel,20.99,10,screen protector,"[{""name"":""Samsung Galaxy Z Flip 5G"",""brand"":""Samsung"",""deviceType"":""phone""},{""name"":""Samsung Galaxy Z Flip"",""brand"":""Samsung"",""deviceType"":""phone""},{""name"":""Samsung Galaxy Fold"",""brand"":""Samsung"",""deviceType"":""phone""}]",,,"{""default_color"":{""color_name"":null,""imageURL_array"":[""https://images.mobilefun.co.uk/graphics/300pixelp/64931.jpg""],""tailwind_color"":null}}",
21a74140-ef0a-4ea0-b485-ed72d6f41dde,2023-07-08 06:04:51.106581+00,Otterbox Symmetry Samsung Galaxy S20 Fan Edition Case - Stardust,Otterbox Symmetry Hülle für Samsung Galaxy S20 Fan Edition - Stardust,45.99,5,phone case,"[{""name"":""Google Pixel 4"",""brand"":""Google"",""deviceType"":""phone""},{""name"":""Google Pixel 4 XL"",""brand"":""Google"",""deviceType"":""phone""},{""name"":""Google Pixel 4a"",""brand"":""Google"",""deviceType"":""phone""}]",,,"{""default_color"":{""color_name"":null,""imageURL_array"":[""https://images.mobilefun.co.uk/graphics/300pixelp/80948.jpg""],""tailwind_color"":null}}",
605346ad-ab64-4a5b-b3e0-843196280c69,2023-07-08 06:04:51.106581+00,Farley iPhone XS Max Faux Leather Wallet Case - RFID Blocking,Farley iPhone XS Max Faux Leder Wallet Case - RFID-Blocking,7.49,5,phone case,"[{""name"":""iPhone 7"",""brand"":""Apple"",""deviceType"":""phone""},{""name"":""iPhone 8"",""brand"":""Apple"",""deviceType"":""phone""},{""name"":""iPhone SE"",""brand"":""Apple"",""deviceType"":""phone""}]",,,"{""default_color"":{""color_name"":null,""imageURL_array"":[""https://images.mobilefun.co.uk/graphics/300pixelp/69157.jpg""],""tailwind_color"":null}}",
5feb2e04-d30b-44c8-a423-24f66069fe39,2023-07-08 06:04:51.106581+00,Lovemei Powerful iPhone 11 Protective Case - Black,Lovemei Powerful Schutzhülle für iPhone 11 - Schwarz,23.99,15,phone case,"[{""name"":""Google Pixel 4"",""brand"":""Google"",""deviceType"":""phone""},{""name"":""Google Pixel 4 XL"",""brand"":""Google"",""deviceType"":""phone""},{""name"":""Google Pixel 4a"",""brand"":""Google"",""deviceType"":""phone""}]",,,"{""default_color"":{""color_name"":null,""imageURL_array"":[""https://images.mobilefun.co.uk/graphics/300pixelp/74639.jpg""],""tailwind_color"":null}}",
f0d23709-eb29-401f-9b82-97e0ab241fad,2023-07-08 06:04:51.106581+00,Olixar Total Protection Samsung Galaxy A52s 5G Case & Screen Protector,Olixar Total Protection Hülle & Bildschirmschutz für Samsung Galaxy A52s 5G,14.99,10,screen protector,"[{""name"":""iPhone 11"",""brand"":""Apple"",""deviceType"":""phone""},{""name"":""iPhone 11 Pro"",""brand"":""Apple"",""deviceType"":""phone""},{""name"":""iPhone 11 Pro Max"",""brand"":""Apple"",""deviceType"":""phone""}]",,,"{""default_color"":{""color_name"":null,""imageURL_array"":[""https://images.mobilefun.co.uk/graphics/300pixelp/86060.jpg""],""tailwind_color"":null}}",
f82c572b-ba09-4270-bcc8-00e8d0a49713,2023-07-08 06:04:51.106581+00,Olixar Carbon Fibre case Samsung Galaxy S21 Ultra 5G Case - Black,Olixar Carbonfaserhülle für Samsung Galaxy S21 Ultra 5G - Schwarz,16.99,20,phone case,"[{""name"":""Samsung Galaxy A52s 5G"",""brand"":""Samsung"",""deviceType"":""phone""},{""name"":""Samsung Galaxy A52 5G"",""brand"":""Samsung"",""deviceType"":""phone""},{""name"":""Samsung Galaxy A51 5G"",""brand"":""Samsung"",""deviceType"":""phone""}]",,,"{""default_color"":{""color_name"":null,""imageURL_array"":[""https://images.mobilefun.co.uk/graphics/300pixelp/81099.jpg""],""tailwind_color"":null}}",
0a367acc-170d-4d04-a87c-a644d931885b,2023-07-08 06:04:51.106581+00,Spigen Tough Armor Samsung Galaxy Note20 Ultra Case - Black,Spigen Tough Armor Hülle für Samsung Galaxy Note20 Ultra - Schwarz,24.99,10,phone case,"[{""name"":""iPhone 7"",""brand"":""Apple"",""deviceType"":""iPhone""},{""name"":""iPhone 8"",""brand"":""Apple"",""deviceType"":""iPhone""},{""name"":""iPhone SE"",""brand"":""Apple"",""deviceType"":""iPhone""}]",,,"{""default_color"":{""color_name"":null,""imageURL_array"":[""https://images.mobilefun.co.uk/graphics/300pixelp/80459.jpg""],""tailwind_color"":null}}",
235a036f-8ce3-4996-ab98-60ca4db69099,2023-07-08 06:04:51.106581+00,Spigen Thin Fit iPhone 12 Mini Case - Black,Spigen Thin Fit Hülle für iPhone 12 Mini - Schwarz,13.49,20,phone case,"[{""name"":""Samsung Galaxy S8"",""brand"":""Samsung"",""deviceType"":""phone""},{""name"":""Samsung Galaxy S8+"",""brand"":""Samsung"",""deviceType"":""phone""},{""name"":""Samsung Galaxy Note8"",""brand"":""Samsung"",""deviceType"":""phone""}]",,,"{""default_color"":{""color_name"":null,""imageURL_array"":[""https://images.mobilefun.co.uk/graphics/300pixelp/80554.jpg""],""tailwind_color"":null}}",
8a102de1-4de2-4b97-8801-7dd60226da16,2023-07-08 06:04:51.106581+00,VRS Design Damda Glide Pro Samsung Galaxy S21 Case - Sand Stone,VRS Design Damda Glide Pro Hülle für Samsung Galaxy S21 - Sandstein,29.49,20,phone case,"[{""name"":""iPhone X"",""brand"":""Apple"",""deviceType"":""phone""},{""name"":""iPhone XS"",""brand"":""Apple"",""deviceType"":""phone""},{""name"":""iPhone 11 Pro"",""brand"":""Apple"",""deviceType"":""phone""}]",,,"{""default_color"":{""color_name"":null,""imageURL_array"":[""https://images.mobilefun.co.uk/graphics/300pixelp/81848.jpg""],""tailwind_color"":null}}",
e09c784d-64a2-403d-b2b3-0728e7e1d436,2023-07-08 06:04:51.106581+00,Mous Limitless 3.0 iPhone 11 Pro Case - Carbon Fibre,Mous Limitless 3.0 Hülle für iPhone 11 Pro - Kohlefaser,44.99,10,phone case,"[{""name"":""MacBook Pro 15\"" 2016"",""brand"":""Apple"",""deviceType"":""laptop""},{""name"":""MacBook Pro 15\"" 2018"",""brand"":""Apple"",""deviceType"":""laptop""}]",,,"{""default_color"":{""color_name"":null,""imageURL_array"":[""https://images.mobilefun.co.uk/graphics/300pixelp/73608.jpg""],""tailwind_color"":null}}",
a54cb2a6-ec35-48cb-85c5-8ba4a2fe9871,2023-07-08 06:04:51.106581+00,Spigen Tough Armor Apple Watch Series 7 Case (45mm) - Black,Spigen Tough Armor Hülle für Apple Watch Series 7 (45mm) - Schwarz,19.99,20,charging case,"[{""name"":""iPhone 7"",""brand"":""Apple"",""deviceType"":""phone""},{""name"":""iPhone 8"",""brand"":""Apple"",""deviceType"":""phone""},{""name"":""iPhone SE"",""brand"":""Apple"",""deviceType"":""phone""}]",,,"{""default_color"":{""color_name"":null,""imageURL_array"":[""https://images.mobilefun.co.uk/graphics/300pixelp/86857.jpg""],""tailwind_color"":null}}",
803ad02d-9af1-4322-9905-891784ac38bc,2023-07-08 06:04:51.106581+00,"ToughGuard MacBook Pro 15"" Case (2016 To 2017) - Black""","ToughGuard Hülle für MacBook Pro 15"" (2016 bis 2017) - Schwarz",10.49,10,laptop case,"[{""name"":""iPhone XS Max"",""brand"":""Apple"",""deviceType"":""phone""},{""name"":""iPhone 11 Pro Max"",""brand"":""Apple"",""deviceType"":""phone""},{""name"":""iPhone 12 Pro Max"",""brand"":""Apple"",""deviceType"":""phone""}]",,,"{""default_color"":{""color_name"":null,""imageURL_array"":[""https://images.mobilefun.co.uk/graphics/300pixelp/61942.jpg""],""tailwind_color"":null}}",
a651dea4-a755-4930-b4fd-705acf56d529,2023-07-08 06:04:51.106581+00,Olixar Ultra-Thin Samsung Galaxy S8 Case - 100% Clear,Ultra-dünne Hülle von Olixar für Samsung Galaxy S8 - 100% klar,7.99,20,phone case,"[{""name"":""Samsung Galaxy S8"",""brand"":""Samsung"",""deviceType"":""phone""},{""name"":""Samsung Galaxy S8+"",""brand"":""Samsung"",""deviceType"":""phone""},{""name"":""Samsung Galaxy Note8"",""brand"":""Samsung"",""deviceType"":""phone""}]",,,"{""default_color"":{""color_name"":null,""imageURL_array"":[""https://images.mobilefun.co.uk/graphics/300pixelp/63425.jpg""],""tailwind_color"":null}}",
4e365306-68a9-44e2-9a3c-5776fb27f9e8,2023-07-08 06:04:51.106581+00,Olixar Leather-Style iPhone X Wallet Stand Case - Black,Olixar Leder-Stil iPhone X Wallet Stand Case - Schwarz,13.99,15,phone case,"[{""name"":""iPhone X"",""brand"":""Apple"",""deviceType"":""phone""},{""name"":""iPhone XS"",""brand"":""Apple"",""deviceType"":""phone""},{""name"":""iPhone 11 Pro"",""brand"":""Apple"",""deviceType"":""phone""}]",,,"{""default_color"":{""color_name"":null,""imageURL_array"":[""https://images.mobilefun.co.uk/graphics/300pixelp/64288.jpg""],""tailwind_color"":null}}",
c7eb0dab-ccd4-4e78-96a6-934fdea1903b,2023-07-08 06:04:51.106581+00,Speck Presidio Pro Google Pixel 4 Case - Black,Speck Presidio Pro Hülle für Google Pixel 4 - Schwarz,19.99,20,phone case,"[{""name"":""iPhone XS Max"",""brand"":""Apple"",""deviceType"":""phone""},{""name"":""iPhone 11 Pro Max"",""brand"":""Apple"",""deviceType"":""phone""},{""name"":""iPhone 12 Pro Max"",""brand"":""Apple"",""deviceType"":""phone""}]",,,"{""default_color"":{""color_name"":null,""imageURL_array"":[""https://images.mobilefun.co.uk/graphics/300pixelp/76145.jpg""],""tailwind_color"":null}}",
58dbd100-0129-4570-99b8-af307facfe12,2023-07-08 06:04:51.106581+00,Official Samsung Galaxy S20 Ultra Silicone Cover Case - Blue,Offizielle Samsung Galaxy S20 Ultra Silikonhülle - Blau,29.99,10,phone case,"[{""name"":""iPhone 7 Plus"",""brand"":""Apple"",""deviceType"":""iPhone""},{""name"":""iPhone 8 Plus"",""brand"":""Apple"",""deviceType"":""iPhone""},{""name"":""iPhone XR"",""brand"":""Apple"",""deviceType"":""iPhone""}]",,,"{""default_color"":{""color_name"":null,""imageURL_array"":[""https://images.mobilefun.co.uk/graphics/300pixelp/79440.jpg""],""tailwind_color"":null}}",
72a3e3f0-24e0-487c-9467-dcb8b3b7da12,2023-07-08 06:04:51.106581+00,LoveCases Clear iPhone 13 Pro Max Case,LoveCases Klare Hülle für iPhone 13 Pro Max,12.99,20,phone case,"[{""name"":""Samsung Galaxy Z Flip 5G"",""brand"":""Samsung"",""deviceType"":""phone""},{""name"":""Samsung Galaxy Z Flip"",""brand"":""Samsung"",""deviceType"":""phone""},{""name"":""Samsung Galaxy Fold"",""brand"":""Samsung"",""deviceType"":""phone""}]",,,"{""default_color"":{""color_name"":null,""imageURL_array"":[""https://images.mobilefun.co.uk/graphics/300pixelp/84764.jpg""],""tailwind_color"":null}}",
b9eddc14-d53d-40c9-a394-7336ae16c9e4,2023-07-08 06:04:51.106581+00,Olixar iPhone 13 Mini Full Cover Glass Screen Protector - Black,Olixar iPhone 13 Mini Vollabdeckung Glass Bildschirmschutz - Schwarz,14.99,20,screen protector,"[{""name"":""iPhone 11"",""brand"":""Apple"",""deviceType"":""phone""},{""name"":""iPhone 11 Pro"",""brand"":""Apple"",""deviceType"":""phone""},{""name"":""iPhone 11 Pro Max"",""brand"":""Apple"",""deviceType"":""phone""}]",,,"{""default_color"":{""color_name"":null,""imageURL_array"":[""https://images.mobilefun.co.uk/graphics/300pixelp/84702.jpg""],""tailwind_color"":null}}",
aa984a96-78d5-4d4e-924f-863084bf1a96,2023-07-08 06:04:51.106581+00,Eiger North Case for Samsung Galaxy A53 - Clear,Eiger North Hülle für Samsung Galaxy A53 - Klare,9.99,20,phone case,"[{""name"":""Samsung Galaxy A52s 5G"",""brand"":""Samsung"",""deviceType"":""phone""},{""name"":""Samsung Galaxy A52 5G"",""brand"":""Samsung"",""deviceType"":""phone""},{""name"":""Samsung Galaxy A51 5G"",""brand"":""Samsung"",""deviceType"":""phone""}]",,,"{""default_color"":{""color_name"":null,""imageURL_array"":[""https://images.mobilefun.co.uk/graphics/300pixelp/87024.jpg""],""tailwind_color"":null}}",
51379cd5-b37a-440b-83db-b43dceae84ce,2023-07-08 06:04:51.106581+00,Krusell Sunne 2 Card iPhone 13 Leather Cover - Vintage Black,Krusell Sunne 2 Card iPhone 13 Lederhülle - Vintage Schwarz,29.99,15,phone case,"[{""name"":""Samsung Galaxy S21 Ultra 5G"",""brand"":""Samsung"",""deviceType"":""phone""},{""name"":""Samsung Galaxy Note 20 Ultra 5G"",""brand"":""Samsung"",""deviceType"":""phone""},{""name"":""Samsung Galaxy Z Fold2 5G"",""brand"":""Samsung"",""deviceType"":""phone""}]",,,"{""default_color"":{""color_name"":null,""imageURL_array"":[""https://images.mobilefun.co.uk/graphics/300pixelp/84813.jpg""],""tailwind_color"":null}}",
bb55fbc4-6b72-4d6d-9e4b-2b0935cf19a6,2023-07-08 06:04:51.106581+00,Spigen Liquid Crystal Glitter Samsung Galaxy A52s 5G Case - Crystal Quartz,Spigen Liquid Crystal Glitter Hülle für Samsung Galaxy A52s 5G - Crystal Quartz,16.99,10,phone case,"[{""name"":""Samsung Galaxy Note20 Ultra"",""brand"":""Samsung"",""deviceType"":""phone""},{""name"":""Samsung Galaxy Note10+"",""brand"":""Samsung"",""deviceType"":""phone""},{""name"":""Samsung Galaxy S20 Ultra"",""brand"":""Samsung"",""deviceType"":""phone""}]",,,"{""default_color"":{""color_name"":null,""imageURL_array"":[""https://images.mobilefun.co.uk/graphics/300pixelp/85767.jpg""],""tailwind_color"":null}}",
48a3791b-4a89-4030-b5ee-8f88b8fc234c,2023-07-08 06:04:51.106581+00,Ghostek Covert 5 Google Pixel 6 Pro Clear Case,Ghostek Covert 5 Klare Hülle für Google Pixel 6 Pro,14.99,20,phone case,"[{""name"":""iPhone 12 Mini"",""brand"":""Apple"",""deviceType"":""phone""},{""name"":""iPhone 12"",""brand"":""Apple"",""deviceType"":""phone""},{""name"":""iPhone 12 Pro"",""brand"":""Apple"",""deviceType"":""phone""}]",,,"{""default_color"":{""color_name"":null,""imageURL_array"":[""https://images.mobilefun.co.uk/graphics/300pixelp/85959.jpg""],""tailwind_color"":null}}",
ca32f48c-f87c-4e72-a25c-33dddf87c73e,2023-07-08 06:04:51.106581+00,PanzerGlass iPad 10.2 2020 Case Friendly Screen Protector,PanzerGlass iPad 10.2 2020 Hüllenfreundlicher Bildschirmschutz,45.99,5,screen protector,"[{""name"":""iPhone 7 Plus"",""brand"":""Apple"",""deviceType"":""iPhone""},{""name"":""iPhone 8 Plus"",""brand"":""Apple"",""deviceType"":""iPhone""},{""name"":""iPhone XR"",""brand"":""Apple"",""deviceType"":""iPhone""}]",,,"{""default_color"":{""color_name"":null,""imageURL_array"":[""https://images.mobilefun.co.uk/graphics/300pixelp/79694.jpg""],""tailwind_color"":null}}",
b9e0874d-9422-4c08-8810-c40193deccc3,2023-07-08 06:04:51.106581+00,Spigen Tough Armor iPhone SE 2020 Case - Black,Spigen Tough Armor Hülle für iPhone SE 2020 - Schwarz,24.99,20,phone case,"[{""name"":""iPhone 7"",""brand"":""Apple"",""deviceType"":""iPhone""},{""name"":""iPhone 8"",""brand"":""Apple"",""deviceType"":""iPhone""},{""name"":""iPhone SE"",""brand"":""Apple"",""deviceType"":""iPhone""}]",,,"{""default_color"":{""color_name"":null,""imageURL_array"":[""https://images.mobilefun.co.uk/graphics/300pixelp/78774.jpg""],""tailwind_color"":null}}",
3aee2313-b8bf-47b4-bccf-27c96dc30a6d,2023-07-08 06:04:51.106581+00,Olixar iPad Pro 12.9 2020 Tempered Glass Screen Protector,Olixar iPad Pro 12.9 2020 Gehärtetes Glass Bildschirmschutz,15.99,20,tablet case,"[{""name"":""Samsung Galaxy S20 Ultra"",""brand"":""Samsung"",""deviceType"":""phone""},{""name"":""Samsung Galaxy S20+"",""brand"":""Samsung"",""deviceType"":""phone""},{""name"":""Samsung Galaxy S20"",""brand"":""Samsung"",""deviceType"":""phone""}]",,,"{""default_color"":{""color_name"":null,""imageURL_array"":[""https://images.mobilefun.co.uk/graphics/300pixelp/79714.jpg""],""tailwind_color"":null}}",
de348e3c-f82e-459b-ab46-61a61c1130b3,2023-07-08 06:04:51.106581+00,4Smarts AirPods Pro Silicone Case - Red,4Smarts AirPods Pro Silikonhülle - Rot,9.99,20,phone case,"[{""name"":""Samsung Galaxy S8"",""brand"":""Samsung"",""deviceType"":""phone""},{""name"":""Samsung Galaxy S8+"",""brand"":""Samsung"",""deviceType"":""phone""},{""name"":""Samsung Galaxy Note8"",""brand"":""Samsung"",""deviceType"":""phone""}]",,,"{""default_color"":{""color_name"":null,""imageURL_array"":[""https://images.mobilefun.co.uk/graphics/300pixelp/78686.jpg""],""tailwind_color"":null}}",